,Xgboost,lin_Sklearn,lin_Numpy,LSTM
0,67,68,71,78
1,73,75,77,80
2,77,79,81,80
3,50,51,52,25
4,34,33,33,0
5,67,68,70,78
6,74,75,76,80
7,77,78,81,80
8,49,50,51,25
9,30,31,30,0
10,69,68,71,78
11,76,75,77,80
12,79,79,81,80
13,49,50,50,24
14,29,31,29,0
15,69,69,72,78
16,76,76,79,80
17,79,79,83,80
18,49,50,51,24
19,32,32,31,0
20,69,69,71,78
21,75,75,78,80
22,79,79,82,80
23,49,49,50,25
24,33,32,31,0
25,69,69,69,78
26,75,75,75,80
27,79,79,79,80
28,48,49,47,25
29,33,33,31,0
30,70,69,69,78
31,75,75,75,80
32,79,79,79,80
33,49,49,46,25
34,35,34,33,0
35,69,69,69,79
36,74,75,75,80
37,79,79,79,81
38,50,50,47,25
39,35,34,33,0
40,69,69,68,79
41,75,75,74,80
42,80,79,79,81
43,50,50,47,25
44,33,33,32,0
45,68,69,67,78
46,75,75,73,80
47,79,79,77,80
48,51,50,47,25
49,35,34,33,0
50,68,68,66,79
51,74,74,72,80
52,77,78,76,81
53,51,50,47,24
54,34,34,33,0
55,69,69,68,79
56,75,75,74,80
57,79,79,78,81
58,50,50,47,25
59,33,33,32,0
60,69,69,70,79
61,74,75,76,80
62,79,79,80,81
63,49,49,49,25
64,32,33,32,0
65,68,68,70,79
66,74,74,76,80
67,78,78,81,81
68,49,50,50,25
69,33,33,33,0
70,71,70,72,79
71,78,76,78,80
72,82,81,83,81
73,51,51,51,25
74,35,34,35,0
75,72,71,73,78
76,79,77,79,80
77,84,82,85,81
78,52,51,52,25
79,34,34,36,0
80,71,71,73,79
81,77,77,80,80
82,82,82,85,81
83,53,52,53,26
84,34,34,35,0
85,70,70,72,79
86,77,77,79,80
87,80,81,83,80
88,48,49,50,26
89,33,33,33,0
90,72,72,74,79
91,79,78,80,80
92,82,82,84,81
93,44,47,45,25
94,29,31,30,0
95,72,71,73,79
96,78,78,80,80
97,82,82,84,81
98,47,48,46,25
99,30,31,29,0
100,67,69,69,79
101,73,75,76,80
102,76,79,80,81
103,50,49,47,27
104,34,33,31,0
105,66,68,69,78
106,72,74,75,80
107,75,77,79,81
108,51,50,49,26
109,36,34,33,0
110,67,68,71,79
111,72,74,76,80
112,76,77,81,81
113,48,49,49,26
114,36,35,35,0
115,68,68,71,79
116,73,74,76,80
117,77,78,81,81
118,47,48,48,25
119,37,36,36,0
120,70,69,72,79
121,75,74,77,80
122,79,79,82,81
123,46,47,47,26
124,32,34,33,0
125,70,70,73,79
126,75,75,78,81
127,79,79,82,81
128,45,46,46,25
129,29,31,30,0
130,71,70,73,79
131,76,75,78,81
132,80,79,82,81
133,44,46,44,25
134,27,30,27,0
135,71,71,74,79
136,77,76,79,81
137,80,80,83,81
138,45,45,44,25
139,27,29,26,0
140,71,71,73,79
141,77,76,79,81
142,80,80,82,81
143,48,47,46,25
144,29,29,27,0
145,71,71,74,79
146,76,76,79,81
147,80,80,83,81
148,50,49,49,26
149,29,29,29,0
150,69,70,73,79
151,74,75,78,80
152,77,78,82,80
153,47,47,49,27
154,26,28,28,0
155,65,67,69,79
156,69,72,74,80
157,73,76,78,79
158,43,45,45,28
159,22,25,25,0
160,61,65,65,76
161,64,69,69,78
162,67,72,72,77
163,38,42,40,28
164,18,22,22,0
165,57,61,61,70
166,59,65,64,72
167,60,66,66,72
168,29,36,33,26
169,10,17,16,0
170,51,57,55,61
171,52,59,58,64
172,52,60,58,63
173,21,30,26,25
174,4,12,11,0
175,41,50,48,52
176,42,52,50,55
177,43,53,51,55
178,19,26,22,22
179,4,9,9,0
180,31,42,42,43
181,34,44,45,46
182,36,46,47,47
183,19,24,23,21
184,9,10,11,1
185,27,36,38,36
186,30,40,40,41
187,32,41,43,42
188,17,21,21,20
189,10,11,11,0
190,25,33,34,32
191,28,35,36,37
192,30,38,38,38
193,13,18,17,19
194,10,10,9,0
195,23,30,31,28
196,26,32,34,33
197,29,35,36,35
198,13,16,16,18
199,9,10,9,0
200,23,28,29,26
201,26,30,32,31
202,29,33,34,33
203,13,15,15,18
204,9,10,9,0
205,27,28,30,25
206,31,32,34,30
207,34,34,36,32
208,10,13,11,18
209,7,8,7,0
210,27,28,31,24
211,31,32,35,28
212,34,34,37,31
213,11,13,12,17
214,5,7,5,0
215,27,28,30,24
216,31,31,34,29
217,34,34,36,31
218,11,12,9,18
219,2,5,2,0
220,27,27,29,24
221,31,31,33,29
222,34,34,35,32
223,10,11,8,19
224,7,7,4,0
225,25,26,27,23
226,29,30,31,28
227,32,33,33,31
228,15,13,11,19
229,14,10,9,0
230,22,24,25,22
231,25,28,28,27
232,28,31,30,30
233,14,13,11,18
234,13,11,10,0
235,20,23,22,22
236,24,26,26,27
237,27,29,28,30
238,13,13,11,18
239,11,10,9,0
240,21,22,22,22
241,25,26,25,27
242,27,29,28,30
243,13,13,11,18
244,10,10,9,0
245,21,22,21,22
246,24,25,24,26
247,26,28,27,30
248,13,13,10,18
249,10,10,8,0
250,21,22,22,21
251,24,25,25,26
252,27,28,27,30
253,12,12,10,18
254,8,9,7,0
255,21,21,22,21
256,25,25,25,26
257,27,28,28,30
258,11,12,10,18
259,9,9,8,0
260,20,21,21,21
261,24,25,24,26
262,27,27,27,29
263,11,11,9,18
264,9,9,8,0
265,20,20,23,21
266,23,24,26,26
267,26,27,29,29
268,12,12,13,17
269,10,10,10,0
270,21,21,24,21
271,24,24,27,26
272,27,27,31,29
273,13,12,14,18
274,10,10,10,0
275,20,20,22,21
276,23,24,25,26
277,26,26,28,29
278,15,14,14,18
279,12,11,11,0
280,23,22,25,20
281,25,25,28,25
282,28,27,31,29
283,9,11,12,17
284,7,8,7,0
285,26,24,28,21
286,29,27,31,25
287,32,30,35,29
288,7,10,10,17
289,4,7,5,0
290,22,22,25,20
291,26,26,28,25
292,29,29,32,28
293,14,12,12,17
294,10,9,7,0
295,21,22,23,20
296,24,25,27,25
297,27,28,30,28
298,13,13,12,17
299,10,9,8,0
300,22,22,23,21
301,26,26,27,25
302,29,28,29,28
303,13,13,11,17
304,10,10,8,0
305,19,20,19,20
306,22,24,23,25
307,25,26,25,28
308,14,13,11,17
309,10,9,7,0
310,18,19,18,19
311,21,23,21,24
312,23,25,23,28
313,14,14,10,17
314,8,9,6,0
315,21,20,19,20
316,24,24,22,25
317,27,26,24,28
318,14,14,11,17
319,9,9,7,0
320,21,21,20,20
321,24,24,23,25
322,26,26,25,28
323,11,12,10,17
324,10,9,8,0
325,21,21,21,20
326,24,24,24,25
327,26,26,26,28
328,10,11,10,17
329,9,9,8,0
330,19,20,20,19
331,23,23,23,25
332,25,26,25,28
333,13,13,12,17
334,11,10,9,0
335,17,19,18,18
336,20,22,20,24
337,22,24,22,27
338,14,13,12,16
339,11,10,9,0
340,18,19,18,19
341,22,22,21,24
342,24,24,22,28
343,14,13,12,16
344,10,10,8,0
345,23,21,21,19
346,26,24,24,25
347,28,26,26,28
348,10,12,10,17
349,9,9,8,0
350,24,22,23,19
351,27,25,26,25
352,29,27,28,28
353,9,11,9,17
354,7,8,6,0
355,23,22,22,20
356,26,25,25,25
357,28,27,27,29
358,11,11,8,18
359,8,8,6,0
360,24,23,22,20
361,27,26,25,26
362,29,28,27,29
363,11,11,8,18
364,8,8,6,0
365,24,23,23,20
366,27,26,26,26
367,29,28,28,29
368,12,12,9,18
369,9,9,7,0
370,22,22,23,22
371,26,26,26,27
372,28,28,28,30
373,13,12,10,19
374,12,10,9,0
375,21,22,21,22
376,24,25,25,27
377,28,28,28,30
378,13,13,10,19
379,13,11,11,0
380,20,21,20,21
381,24,24,24,27
382,27,27,26,30
383,15,14,11,19
384,13,12,11,0
385,21,21,21,21
386,25,25,24,27
387,28,28,27,30
388,15,14,11,19
389,12,12,11,0
390,21,21,20,21
391,25,25,24,27
392,27,28,26,30
393,14,14,11,19
394,11,11,10,0
395,20,21,20,21
396,24,25,23,26
397,27,27,26,30
398,14,14,11,19
399,10,11,10,0
400,20,20,19,21
401,24,24,22,27
402,25,26,24,30
403,12,13,9,19
404,8,10,8,1
405,19,20,19,22
406,23,24,23,27
407,25,26,25,30
408,12,13,11,19
409,6,8,5,2
410,20,20,22,21
411,24,24,25,27
412,26,26,28,30
413,12,13,13,19
414,5,7,5,2
415,23,22,24,22
416,26,25,28,27
417,28,27,30,31
418,10,11,13,20
419,6,7,6,1
420,24,22,25,22
421,27,26,28,27
422,29,28,31,31
423,11,11,12,20
424,8,8,7,1
425,23,22,24,22
426,26,26,28,27
427,29,28,30,31
428,13,12,13,20
429,10,9,8,0
430,23,22,24,22
431,27,26,27,27
432,29,28,29,30
433,13,13,12,19
434,11,10,9,0
435,22,22,23,21
436,25,26,26,27
437,28,28,28,30
438,10,11,10,19
439,11,10,10,0
440,20,21,20,21
441,23,24,23,27
442,25,26,25,30
443,7,9,7,18
444,12,11,10,0
445,22,21,22,21
446,26,25,26,26
447,28,28,28,29
448,12,11,10,18
449,13,12,10,0
450,24,23,25,21
451,28,27,28,26
452,31,29,31,30
453,14,13,12,19
454,12,11,10,0
455,23,23,23,21
456,26,26,27,26
457,29,29,29,29
458,12,12,11,19
459,11,11,9,0
460,23,23,23,21
461,26,26,26,26
462,28,28,28,30
463,9,11,8,19
464,10,10,9,0
465,23,23,22,21
466,26,26,26,26
467,28,28,27,30
468,8,9,6,19
469,9,10,8,0
470,27,25,25,21
471,31,28,29,27
472,33,31,30,30
473,8,9,5,19
474,8,9,6,0
475,28,26,28,21
476,31,30,32,27
477,34,32,34,30
478,10,10,6,19
479,10,10,7,0
480,23,24,26,21
481,27,28,30,26
482,30,31,32,30
483,12,11,9,19
484,11,10,9,0
485,21,23,24,21
486,25,27,28,26
487,28,30,30,30
488,14,12,11,18
489,12,11,10,0
490,21,22,23,21
491,25,26,26,26
492,28,29,29,30
493,11,11,9,18
494,11,11,10,0
495,23,23,24,21
496,25,26,27,26
497,28,29,30,30
498,10,11,10,17
499,10,10,10,0
500,22,22,23,20
501,25,26,26,26
502,28,28,29,29
503,13,12,12,17
504,10,10,10,0
505,23,23,23,20
506,26,26,26,26
507,28,29,28,30
508,10,10,8,17
509,4,7,5,0
510,25,24,25,20
511,28,27,27,26
512,30,30,30,29
513,9,10,7,17
514,2,5,4,0
515,25,24,25,19
516,29,28,28,25
517,31,30,31,29
518,12,11,10,17
519,6,6,6,0
520,24,24,25,17
521,28,28,28,24
522,30,30,31,28
523,13,12,11,16
524,6,6,6,0
525,24,24,26,15
526,28,28,29,22
527,30,30,32,25
528,15,13,14,15
529,7,7,7,0
530,23,23,25,14
531,27,27,30,19
532,30,30,33,23
533,19,16,19,13
534,11,9,10,0
535,21,22,24,15
536,28,28,30,20
537,33,32,34,25
538,28,22,23,14
539,20,14,15,7
540,21,22,24,16
541,29,28,30,22
542,36,33,36,26
543,33,26,27,16
544,24,18,19,12
545,23,23,23,17
546,32,30,31,23
547,39,36,37,29
548,38,31,31,20
549,29,22,22,16
550,23,23,22,18
551,31,30,30,25
552,38,36,36,31
553,37,33,32,21
554,27,23,23,18
555,25,24,23,22
556,33,31,30,28
557,40,38,37,35
558,37,34,32,23
559,25,23,22,18
560,27,25,24,23
561,35,33,32,31
562,43,40,39,38
563,39,36,34,25
564,27,25,23,18
565,22,23,22,22
566,31,31,30,30
567,40,39,38,38
568,43,39,38,27
569,31,27,27,18
570,20,22,20,20
571,28,30,29,28
572,37,38,37,36
573,42,40,40,25
574,30,28,28,18
575,20,21,19,19
576,27,29,27,26
577,36,37,35,34
578,38,38,37,23
579,24,25,24,16
580,24,23,22,18
581,31,30,29,25
582,38,38,37,32
583,31,35,32,21
584,18,22,19,14
585,25,24,23,17
586,32,31,31,24
587,39,38,38,31
588,28,32,28,20
589,15,19,15,13
590,19,21,19,17
591,25,28,26,23
592,31,35,33,30
593,30,31,29,19
594,15,18,15,12
595,15,18,17,17
596,22,25,23,23
597,28,32,30,30
598,30,31,29,19
599,16,18,14,12
600,19,19,18,18
601,24,25,24,23
602,30,32,30,30
603,28,30,28,18
604,15,17,13,11
605,19,19,18,17
606,25,26,24,22
607,31,32,31,29
608,28,29,28,18
609,17,17,15,10
610,18,19,18,16
611,24,25,24,22
612,30,31,31,29
613,29,29,29,17
614,19,19,17,11
615,18,19,18,17
616,23,24,23,22
617,30,31,30,29
618,28,29,28,18
619,18,18,16,10
620,19,19,18,17
621,24,24,24,22
622,31,31,30,29
623,26,27,27,18
624,17,17,16,9
625,20,20,18,18
626,25,25,23,23
627,31,31,29,29
628,23,26,24,18
629,16,17,15,9
630,20,19,17,18
631,25,25,22,23
632,31,31,28,29
633,23,24,21,18
634,14,15,13,9
635,19,19,17,18
636,24,24,22,22
637,30,30,28,29
638,21,23,20,17
639,12,14,12,9
640,21,20,20,18
641,26,25,25,22
642,32,31,30,28
643,21,22,21,17
644,13,14,12,9
645,21,21,21,18
646,26,25,26,22
647,32,31,32,29
648,22,23,22,17
649,14,14,13,9
650,19,20,20,18
651,24,25,25,22
652,30,31,31,29
653,22,22,23,17
654,15,15,14,9
655,15,17,17,19
656,20,22,22,22
657,25,28,28,29
658,25,24,25,18
659,17,16,16,9
660,13,16,14,19
661,18,20,19,23
662,23,26,24,29
663,23,23,23,18
664,12,14,13,9
665,18,17,16,20
666,21,21,20,24
667,27,27,26,30
668,19,21,20,18
669,13,13,13,9
670,20,18,17,21
671,23,22,21,24
672,29,28,26,30
673,16,19,16,18
674,12,13,12,9
675,19,19,17,21
676,22,22,21,24
677,28,28,26,30
678,15,18,14,18
679,10,12,10,9
680,20,19,20,21
681,24,23,23,24
682,29,29,29,30
683,15,17,14,18
684,8,10,8,9
685,21,20,21,21
686,25,24,25,24
687,30,29,30,30
688,14,16,13,18
689,5,8,5,10
690,19,19,19,21
691,23,23,23,24
692,28,28,28,30
693,13,15,11,18
694,7,8,4,9
695,16,18,17,20
696,21,22,21,23
697,26,27,26,29
698,15,15,11,17
699,11,10,6,9
700,17,18,17,20
701,22,22,21,23
702,28,28,26,29
703,16,16,11,18
704,12,11,6,9
705,19,19,19,20
706,24,23,23,23
707,30,29,29,29
708,17,16,13,17
709,15,13,10,9
710,18,18,19,19
711,23,23,24,23
712,29,29,29,29
713,20,18,16,18
714,17,15,12,9
715,17,18,18,19
716,22,23,23,22
717,28,29,29,28
718,22,20,19,18
719,16,15,13,9
720,17,18,18,19
721,22,22,22,22
722,28,28,29,28
723,23,21,21,18
724,16,15,14,9
725,17,17,17,19
726,21,22,22,22
727,28,28,28,28
728,23,21,21,18
729,17,16,15,9
730,15,16,15,19
731,20,21,20,23
732,26,27,26,29
733,22,22,21,19
734,15,15,13,10
735,12,14,13,18
736,18,19,18,22
737,24,25,24,28
738,26,24,23,19
739,16,16,14,11
740,13,14,11,18
741,18,19,16,22
742,23,24,21,28
743,24,23,22,19
744,15,15,14,10
745,15,15,13,19
746,19,19,17,23
747,24,25,22,29
748,19,21,19,19
749,14,15,13,11
750,13,14,13,18
751,18,19,18,22
752,23,24,23,28
753,22,22,21,19
754,16,15,14,12
755,13,14,13,17
756,19,19,18,22
757,24,24,24,28
758,24,23,22,19
759,20,18,17,16
760,12,13,13,16
761,19,19,19,21
762,25,25,25,28
763,27,25,26,19
764,28,22,24,18
765,10,12,13,16
766,17,18,20,21
767,23,24,26,28
768,28,26,30,19
769,27,24,27,19
770,12,13,15,16
771,19,18,21,22
772,25,24,28,28
773,25,25,29,20
774,24,23,26,20
775,13,13,15,17
776,19,19,21,22
777,26,25,28,29
778,23,24,27,20
779,22,22,24,20
780,14,14,15,18
781,20,20,22,22
782,27,26,28,29
783,21,23,25,20
784,20,21,22,18
785,14,13,15,18
786,20,19,21,23
787,26,26,27,29
788,21,22,23,20
789,19,20,21,18
790,13,13,14,17
791,19,19,20,22
792,26,26,27,29
793,22,23,23,20
794,21,21,21,18
795,11,12,14,17
796,18,19,20,22
797,24,25,26,29
798,23,23,23,21
799,21,21,21,21
800,11,12,12,17
801,18,18,19,23
802,24,25,25,29
803,23,23,23,21
804,20,21,20,20
805,12,12,11,17
806,18,18,17,23
807,25,25,24,29
808,24,24,23,22
809,23,22,22,20
810,11,12,11,17
811,17,18,18,22
812,24,25,24,29
813,24,23,23,21
814,23,22,22,21
815,11,11,11,17
816,18,18,17,23
817,25,25,24,29
818,24,24,23,21
819,19,20,19,18
820,11,11,10,17
821,18,18,17,22
822,25,25,23,29
823,26,25,24,22
824,20,20,19,19
825,12,12,12,17
826,19,18,18,23
827,26,25,25,29
828,25,24,24,21
829,22,21,20,18
830,13,12,12,18
831,20,19,19,23
832,26,26,25,29
833,25,25,24,22
834,22,22,21,19
835,13,12,12,18
836,19,19,19,23
837,26,26,25,30
838,24,24,24,22
839,22,22,21,20
840,12,12,13,18
841,19,19,20,23
842,25,25,26,30
843,21,23,22,22
844,20,21,19,20
845,13,13,15,18
846,19,19,21,23
847,26,25,27,30
848,22,23,24,22
849,23,22,22,19
850,13,13,15,17
851,18,19,21,23
852,26,26,28,30
853,23,23,24,22
854,25,23,23,19
855,13,13,14,17
856,19,19,20,23
857,26,26,27,30
858,25,24,25,22
859,24,23,23,18
860,14,13,14,18
861,19,19,20,23
862,26,26,27,29
863,23,23,23,21
864,23,23,23,19
865,14,13,15,18
866,19,19,21,23
867,26,26,27,29
868,21,22,22,21
869,21,22,22,19
870,13,13,15,17
871,18,19,21,22
872,25,25,28,29
873,23,23,24,21
874,21,22,22,19
875,14,14,16,18
876,20,19,22,22
877,26,26,28,29
878,21,21,23,20
879,20,21,20,19
880,15,14,17,16
881,21,20,23,21
882,27,26,29,28
883,23,22,24,19
884,23,22,23,21
885,14,14,16,16
886,20,20,22,21
887,27,27,29,28
888,26,24,26,20
889,25,24,25,19
890,14,14,15,16
891,20,20,21,22
892,26,26,28,28
893,23,23,24,20
894,22,23,23,18
895,14,14,15,17
896,20,20,21,22
897,27,27,28,28
898,21,22,23,20
899,20,21,21,17
900,16,15,17,17
901,22,21,23,22
902,28,27,30,28
903,22,22,24,20
904,21,22,22,18
905,18,16,18,18
906,24,22,25,22
907,31,29,32,28
908,22,22,22,20
909,21,21,22,18
910,17,16,18,18
911,24,23,25,23
912,30,29,31,28
913,22,22,22,19
914,22,22,22,18
915,15,15,16,18
916,21,22,22,23
917,28,28,29,29
918,23,23,22,20
919,22,22,22,17
920,13,14,15,18
921,19,21,21,23
922,26,27,27,29
923,22,22,22,20
924,21,21,21,16
925,14,15,15,18
926,20,20,21,23
927,26,27,27,29
928,21,21,21,20
929,21,21,21,15
930,15,15,15,18
931,21,21,22,23
932,27,27,28,29
933,20,21,21,20
934,18,19,20,13
935,13,14,14,19
936,20,20,21,23
937,26,26,27,29
938,21,21,21,20
939,17,18,18,13
940,14,14,15,19
941,20,20,21,23
942,25,26,27,29
943,18,20,20,20
944,19,19,19,12
945,14,14,14,18
946,20,20,19,23
947,25,26,25,29
948,16,18,16,20
949,19,19,18,12
950,12,13,12,17
951,18,19,17,22
952,23,25,23,28
953,19,19,17,19
954,19,19,18,13
955,12,13,13,17
956,17,18,18,22
957,23,24,24,28
958,21,20,20,20
959,18,19,17,14
960,13,13,14,17
961,19,19,20,22
962,25,25,26,28
963,23,21,22,20
964,19,19,19,15
965,14,13,15,17
966,19,19,21,22
967,26,25,28,29
968,23,22,24,20
969,20,20,20,15
970,14,14,15,17
971,20,19,21,22
972,26,25,28,29
973,22,21,23,21
974,20,19,19,14
975,14,14,15,18
976,20,20,21,23
977,27,26,27,29
978,22,22,22,21
979,20,20,20,13
980,19,16,18,18
981,25,22,24,22
982,31,29,30,28
983,17,19,19,20
984,19,19,18,12
985,20,18,21,18
986,26,24,27,22
987,32,30,33,28
988,17,18,18,19
989,18,19,18,12
990,15,16,19,18
991,21,22,25,22
992,28,28,32,29
993,20,19,21,20
994,19,19,19,10
995,14,15,18,18
996,19,21,24,22
997,26,27,31,28
998,22,21,23,20
999,19,19,19,10
1000,13,14,16,18
1001,19,20,22,23
1002,25,26,28,29
1003,22,21,22,20
1004,19,19,18,10
1005,15,15,17,18
1006,20,20,23,23
1007,26,27,29,29
1008,20,20,22,20
1009,18,19,18,11
1010,16,15,20,18
1011,21,21,25,23
1012,27,27,32,29
1013,20,20,23,19
1014,19,19,20,12
1015,14,14,17,18
1016,19,20,23,23
1017,25,26,29,29
1018,22,21,23,20
1019,21,20,20,12
1020,12,13,15,18
1021,17,19,21,23
1022,24,25,27,29
1023,23,22,24,20
1024,22,21,21,13
1025,11,12,13,17
1026,17,18,19,22
1027,23,25,25,28
1028,25,23,25,21
1029,21,20,20,12
1030,13,13,13,17
1031,19,19,19,23
1032,25,25,26,29
1033,24,23,24,21
1034,20,20,19,12
1035,17,15,16,17
1036,22,20,21,23
1037,27,26,28,29
1038,20,21,21,20
1039,18,19,18,11
1040,16,15,17,17
1041,21,21,22,22
1042,27,27,28,28
1043,17,19,19,20
1044,16,18,16,12
1045,14,15,16,17
1046,21,20,22,22
1047,27,26,28,28
1048,19,20,19,20
1049,18,18,17,13
1050,14,14,15,18
1051,20,20,21,22
1052,26,26,27,29
1053,20,20,20,21
1054,19,19,18,13
1055,14,14,15,18
1056,20,20,20,23
1057,26,26,27,29
1058,22,21,21,21
1059,20,19,19,12
1060,13,14,13,18
1061,20,20,19,22
1062,27,26,26,29
1063,24,23,22,21
1064,21,20,20,12
1065,10,12,10,18
1066,16,18,16,23
1067,23,25,23,29
1068,26,24,24,22
1069,22,21,21,12
1070,10,11,10,18
1071,15,17,15,23
1072,22,23,22,29
1073,25,24,25,22
1074,22,21,22,11
1075,14,13,13,18
1076,20,19,19,22
1077,26,25,25,29
1078,23,23,25,21
1079,21,21,22,11
1080,15,14,14,18
1081,20,19,20,22
1082,26,25,26,29
1083,21,22,23,21
1084,20,20,21,13
1085,16,15,15,17
1086,22,20,20,23
1087,28,26,26,29
1088,21,22,22,21
1089,20,20,21,13
1090,16,15,14,18
1091,22,21,20,23
1092,28,27,26,29
1093,24,23,23,22
1094,22,21,22,14
1095,14,14,14,18
1096,19,19,20,23
1097,25,26,26,30
1098,22,23,23,22
1099,23,22,23,19
1100,10,12,13,17
1101,15,17,19,22
1102,21,23,25,29
1103,23,23,25,21
1104,25,24,25,29
1105,6,9,10,17
1106,12,15,16,22
1107,18,21,22,29
1108,26,24,27,21
1109,30,27,29,47
1110,4,7,8,18
1111,12,14,14,22
1112,18,20,20,29
1113,25,25,28,21
1114,33,29,32,62
1115,5,7,7,18
1116,12,14,14,23
1117,20,21,21,31
1118,30,27,30,23
1119,35,31,33,69
1120,0,4,4,18
1121,10,12,12,23
1122,19,20,21,31
1123,38,32,36,25
1124,42,36,38,73
1125,0,2,3,18
1126,9,11,12,23
1127,20,20,22,31
1128,41,35,41,26
1129,46,40,43,77
1130,4,4,5,17
1131,14,13,14,23
1132,23,22,24,31
1133,37,35,39,25
1134,43,40,42,80
1135,9,6,7,17
1136,17,15,15,22
1137,25,23,24,30
1138,35,34,37,24
1139,39,39,40,83
1140,12,9,8,16
1141,19,17,17,22
1142,27,25,25,30
1143,31,32,33,24
1144,36,38,38,86
1145,14,11,10,16
1146,21,18,18,21
1147,28,26,25,29
1148,29,31,30,24
1149,34,36,36,87
1150,13,11,12,16
1151,20,18,19,22
1152,27,26,27,29
1153,29,31,31,23
1154,40,39,39,89
1155,11,11,12,16
1156,18,18,19,22
1157,26,26,27,29
1158,30,30,32,23
1159,42,40,42,89
1160,11,11,11,16
1161,19,18,19,21
1162,28,27,27,29
1163,32,31,32,23
1164,42,41,42,90
1165,10,11,10,16
1166,18,18,18,21
1167,27,27,27,29
1168,30,31,31,22
1169,40,40,42,90
1170,9,10,10,16
1171,16,17,17,22
1172,25,25,25,29
1173,31,31,31,22
1174,42,41,43,90
1175,8,9,9,17
1176,15,16,17,22
1177,24,25,25,29
1178,31,31,31,22
1179,42,42,43,90
1180,7,8,9,17
1181,14,16,17,21
1182,23,24,25,29
1183,30,31,31,22
1184,40,41,42,90
1185,7,8,10,17
1186,15,16,18,21
1187,24,24,26,28
1188,27,29,29,21
1189,38,39,40,90
1190,8,8,10,17
1191,17,16,18,21
1192,25,25,27,28
1193,26,28,27,21
1194,37,39,39,90
1195,6,7,8,17
1196,15,15,16,21
1197,23,24,24,28
1198,27,28,27,21
1199,37,38,38,91
1200,6,7,8,17
1201,13,14,16,21
1202,21,23,25,28
1203,26,27,28,21
1204,36,37,38,91
1205,6,7,10,17
1206,14,15,18,21
1207,22,22,26,28
1208,27,27,30,21
1209,37,38,38,91
1210,6,7,8,17
1211,14,14,16,22
1212,21,22,24,28
1213,26,27,29,21
1214,39,39,40,93
1215,7,7,7,17
1216,14,14,15,22
1217,21,21,22,29
1218,26,26,26,21
1219,40,39,41,92
1220,6,6,7,17
1221,14,14,14,22
1222,22,22,22,29
1223,26,27,26,21
1224,38,38,39,92
1225,6,6,6,17
1226,13,13,13,22
1227,21,21,21,29
1228,26,26,26,21
1229,38,38,39,91
1230,6,6,6,17
1231,13,14,14,22
1232,21,21,21,29
1233,26,26,26,21
1234,39,38,39,91
1235,6,6,6,17
1236,13,13,14,22
1237,21,21,22,29
1238,28,27,27,22
1239,39,39,39,91
1240,5,6,6,17
1241,13,13,14,21
1242,20,21,22,28
1243,28,28,28,22
1244,38,38,39,91
1245,6,6,5,17
1246,13,13,13,21
1247,20,21,20,28
1248,27,27,26,22
1249,39,39,39,91
1250,6,6,4,17
1251,13,13,11,22
1252,20,20,19,28
1253,25,26,24,22
1254,39,39,39,91
1255,6,6,3,17
1256,13,13,11,22
1257,21,21,18,28
1258,26,26,23,22
1259,37,38,37,90
1260,5,6,2,17
1261,12,13,10,21
1262,20,20,17,28
1263,27,27,24,22
1264,38,38,37,91
1265,4,5,4,17
1266,12,12,11,21
1267,19,20,19,28
1268,28,27,26,22
1269,38,38,38,90
1270,3,4,5,17
1271,12,12,13,21
1272,20,20,21,28
1273,30,29,30,22
1274,39,38,39,90
1275,4,4,5,17
1276,12,12,13,21
1277,20,20,21,28
1278,31,29,31,23
1279,38,38,39,89
1280,4,4,5,17
1281,13,12,14,21
1282,20,20,22,28
1283,29,29,30,22
1284,38,38,39,90
1285,6,5,6,17
1286,14,13,14,21
1287,22,21,22,28
1288,29,29,30,23
1289,37,37,38,88
1290,7,6,6,17
1291,15,14,14,21
1292,23,22,22,28
1293,28,29,29,23
1294,37,37,38,89
1295,7,6,7,17
1296,14,14,15,21
1297,23,22,23,28
1298,26,27,28,22
1299,38,38,39,90
1300,5,6,6,16
1301,14,14,15,21
1302,22,22,23,28
1303,28,28,29,22
1304,36,37,38,88
1305,5,5,5,16
1306,14,14,14,21
1307,22,22,22,28
1308,31,29,31,22
1309,37,37,38,88
1310,4,5,5,17
1311,13,13,14,21
1312,20,21,22,28
1313,29,29,30,22
1314,38,37,38,89
1315,5,5,4,17
1316,13,13,12,21
1317,21,21,20,28
1318,29,29,30,22
1319,38,38,39,89
1320,4,4,2,16
1321,11,12,10,21
1322,19,20,18,28
1323,28,28,28,22
1324,37,37,38,90
1325,2,3,3,17
1326,9,11,11,21
1327,18,19,19,28
1328,28,28,30,22
1329,37,37,38,90
1330,3,3,3,17
1331,10,11,12,21
1332,19,19,20,28
1333,29,29,31,21
1334,39,38,39,90
1335,5,4,4,17
1336,12,12,12,21
1337,21,20,21,28
1338,28,29,30,22
1339,39,39,40,91
1340,4,4,5,17
1341,12,12,13,21
1342,20,20,21,28
1343,27,28,29,21
1344,38,38,39,92
1345,4,4,5,17
1346,12,12,13,21
1347,19,20,22,28
1348,26,27,28,21
1349,35,36,37,92
1350,3,4,4,17
1351,12,12,13,21
1352,20,20,20,28
1353,28,28,28,22
1354,34,36,35,90
1355,3,3,4,17
1356,11,11,12,21
1357,19,19,20,28
1358,29,29,29,22
1359,36,36,36,90
1360,3,3,4,17
1361,12,12,13,21
1362,20,20,21,28
1363,29,29,29,21
1364,38,37,36,89
1365,4,4,4,17
1366,12,12,13,22
1367,20,20,20,29
1368,27,28,28,22
1369,38,37,37,90
1370,5,4,6,17
1371,13,13,14,21
1372,21,20,22,29
1373,28,28,29,22
1374,39,38,38,90
1375,6,5,6,16
1376,14,13,15,21
1377,21,21,22,28
1378,29,29,30,22
1379,39,38,38,89
1380,6,5,7,16
1381,14,14,15,21
1382,22,21,23,28
1383,29,29,30,23
1384,39,38,38,87
1385,9,7,8,15
1386,17,15,17,20
1387,26,23,25,28
1388,30,29,30,23
1389,39,39,39,83
1390,11,9,10,15
1391,19,17,19,20
1392,28,25,27,28
1393,30,30,30,24
1394,37,38,38,79
1395,11,9,10,14
1396,18,17,19,20
1397,26,25,27,28
1398,31,30,31,24
1399,33,36,35,74
1400,11,10,11,14
1401,19,18,19,20
1402,26,25,27,27
1403,30,30,32,24
1404,30,33,33,70
1405,14,12,15,14
1406,21,19,23,20
1407,28,27,30,28
1408,29,29,33,24
1409,29,32,32,67
1410,16,13,18,14
1411,22,20,26,20
1412,29,28,33,27
1413,26,28,32,23
1414,27,30,31,63
1415,16,14,20,14
1416,24,22,27,20
1417,30,29,35,27
1418,27,28,32,23
1419,28,30,31,61
1420,17,16,20,15
1421,24,23,27,20
1422,31,30,35,27
1423,28,28,32,23
1424,29,30,31,59
1425,17,16,19,15
1426,24,23,26,21
1427,31,30,34,28
1428,29,28,31,23
1429,28,29,29,52
1430,16,16,18,16
1431,23,23,26,21
1432,30,30,33,28
1433,29,29,30,23
1434,28,29,29,49
1435,16,16,17,16
1436,23,23,24,22
1437,30,30,31,28
1438,27,28,28,23
1439,26,27,27,46
1440,15,15,17,15
1441,22,22,24,21
1442,29,29,31,28
1443,28,28,29,22
1444,27,27,28,44
1445,14,15,16,14
1446,21,21,23,20
1447,28,28,30,27
1448,30,29,31,22
1449,29,28,29,44
1450,13,14,15,14
1451,20,21,22,20
1452,26,27,29,27
1453,28,28,29,21
1454,27,27,27,44
1455,13,14,15,14
1456,19,20,22,21
1457,26,27,29,27
1458,25,27,28,22
1459,25,26,26,40
1460,14,14,15,15
1461,20,20,22,21
1462,27,27,29,28
1463,27,27,29,23
1464,24,25,25,35
1465,14,14,15,15
1466,20,20,22,21
1467,27,27,29,28
1468,27,27,29,23
1469,24,25,25,36
1470,15,14,16,15
1471,22,21,23,21
1472,28,28,30,28
1473,24,25,27,22
1474,23,24,24,35
1475,15,15,17,16
1476,21,21,23,22
1477,27,27,30,28
1478,22,24,26,22
1479,21,23,23,32
1480,16,15,18,16
1481,21,21,24,22
1482,28,28,31,28
1483,25,25,27,23
1484,22,23,23,28
1485,16,16,18,15
1486,22,22,24,21
1487,29,28,31,28
1488,26,25,28,22
1489,24,24,24,28
1490,16,16,18,16
1491,23,22,24,22
1492,30,29,31,28
1493,27,26,28,22
1494,26,25,25,28
1495,16,16,17,16
1496,22,22,24,22
1497,29,29,31,28
1498,26,26,28,22
1499,26,25,26,28
1500,15,16,17,16
1501,22,22,23,22
1502,29,29,30,28
1503,26,26,27,22
1504,24,25,25,28
1505,15,15,15,16
1506,22,22,22,22
1507,29,29,28,29
1508,27,26,25,23
1509,24,24,24,24
1510,17,16,15,16
1511,24,23,22,22
1512,31,30,29,28
1513,29,28,27,22
1514,26,25,25,22
1515,17,17,17,16
1516,24,23,23,22
1517,31,30,30,29
1518,26,27,27,22
1519,28,26,27,22
1520,17,17,17,16
1521,23,23,24,22
1522,30,30,31,28
1523,27,27,27,22
1524,29,28,29,24
1525,17,17,19,16
1526,23,23,25,22
1527,30,30,33,28
1528,26,26,28,21
1529,27,27,28,23
1530,17,17,20,16
1531,23,23,27,22
1532,30,30,34,28
1533,25,26,29,22
1534,26,26,27,22
1535,16,16,19,16
1536,22,22,26,22
1537,29,29,33,28
1538,25,26,29,21
1539,26,26,28,23
1540,16,16,19,16
1541,22,22,25,22
1542,29,29,33,28
1543,24,25,28,21
1544,29,28,30,23
1545,17,17,19,16
1546,23,23,25,21
1547,30,30,32,28
1548,22,24,25,21
1549,28,27,29,21
1550,18,17,20,16
1551,24,23,26,22
1552,30,30,33,28
1553,20,22,24,21
1554,24,26,27,20
1555,17,17,22,16
1556,23,23,28,22
1557,29,29,34,28
1558,19,21,24,21
1559,22,24,26,19
1560,16,17,21,16
1561,23,23,27,22
1562,30,30,34,28
1563,25,23,27,22
1564,24,24,26,17
1565,16,16,19,16
1566,22,22,26,22
1567,29,29,33,28
1568,28,25,29,22
1569,26,25,27,20
1570,15,15,17,16
1571,22,22,24,21
1572,29,29,31,27
1573,26,25,27,22
1574,24,25,25,18
1575,15,15,15,16
1576,22,22,22,22
1577,28,29,29,28
1578,26,25,26,22
1579,24,24,24,18
1580,14,15,16,16
1581,21,22,23,22
1582,28,28,30,28
1583,24,25,26,22
1584,24,24,25,20
1585,15,15,17,16
1586,22,22,24,22
1587,28,28,31,28
1588,25,25,27,21
1589,25,24,26,21
1590,16,16,17,16
1591,23,22,24,22
1592,29,29,30,28
1593,25,25,26,21
1594,24,24,25,18
1595,17,16,18,17
1596,23,23,24,22
1597,30,30,31,29
1598,23,24,25,22
1599,23,24,24,16
1600,17,17,18,17
1601,24,23,24,22
1602,31,30,31,29
1603,22,23,24,22
1604,23,23,24,15
1605,15,16,16,17
1606,22,22,23,22
1607,29,29,29,28
1608,20,22,21,22
1609,19,21,20,16
1610,15,15,16,17
1611,21,22,23,22
1612,28,29,30,29
1613,20,21,21,21
1614,17,19,17,14
1615,17,16,17,18
1616,23,23,24,23
1617,30,29,30,29
1618,19,20,19,21
1619,20,20,18,13
1620,20,18,19,18
1621,26,24,25,23
1622,32,30,31,30
1623,17,19,18,22
1624,20,20,18,11
1625,19,18,20,18
1626,25,25,26,23
1627,31,31,32,29
1628,21,20,21,23
1629,21,20,20,11
1630,16,17,18,17
1631,23,23,25,22
1632,29,30,31,29
1633,24,22,23,22
1634,25,23,23,14
1635,16,17,17,17
1636,23,23,24,22
1637,29,30,30,28
1638,25,23,24,22
1639,26,24,25,13
1640,16,17,18,17
1641,22,23,24,22
1642,29,29,31,29
1643,21,22,23,22
1644,24,23,24,13
1645,17,17,18,17
1646,23,23,25,22
1647,29,29,31,29
1648,21,21,23,22
1649,24,24,24,13
1650,16,16,18,17
1651,22,23,25,22
1652,29,29,31,29
1653,23,22,24,23
1654,25,24,26,12
1655,15,16,17,17
1656,21,22,23,22
1657,28,28,30,29
1658,22,22,22,22
1659,24,24,25,12
1660,16,16,17,17
1661,22,22,23,22
1662,28,29,30,28
1663,21,21,21,22
1664,24,24,25,10
1665,15,15,16,16
1666,21,22,22,21
1667,27,28,29,28
1668,23,22,23,22
1669,24,24,25,11
1670,13,14,15,16
1671,19,20,21,21
1672,25,27,27,28
1673,23,23,23,22
1674,22,23,23,12
1675,18,16,18,16
1676,25,23,25,21
1677,31,29,31,28
1678,20,21,21,21
1679,21,22,22,12
1680,17,17,19,16
1681,24,23,25,21
1682,30,29,31,27
1683,17,19,19,20
1684,19,21,20,18
1685,14,15,17,16
1686,20,21,23,21
1687,26,27,29,27
1688,18,19,18,20
1689,19,20,18,17
1690,16,16,17,16
1691,22,22,23,22
1692,28,28,29,28
1693,21,20,19,21
1694,21,21,19,15
1695,16,16,16,17
1696,22,22,23,22
1697,29,28,29,29
1698,21,21,19,22
1699,21,21,20,15
1700,15,15,16,17
1701,21,21,22,22
1702,28,28,28,28
1703,20,20,19,22
1704,18,19,17,14
1705,15,15,16,17
1706,22,22,22,22
1707,28,28,28,28
1708,21,21,20,22
1709,18,19,17,14
1710,16,15,16,16
1711,22,22,23,22
1712,28,28,29,29
1713,22,21,22,23
1714,19,19,18,16
1715,15,15,17,18
1716,22,22,23,24
1717,27,28,29,32
1718,23,22,23,23
1719,19,19,17,20
1720,19,17,19,20
1721,28,25,27,28
1722,36,32,33,37
1723,37,30,31,32
1724,30,25,24,29
1725,23,20,21,20
1726,34,29,30,30
1727,44,38,38,40
1728,52,40,41,47
1729,43,33,32,38
1730,25,22,22,23
1731,37,32,33,34
1732,49,42,43,45
1733,62,49,50,57
1734,53,42,41,44
1735,36,29,29,34
1736,47,39,40,44
1737,60,50,50,54
1738,67,55,54,64
1739,58,48,46,49
1740,45,36,36,46
1741,55,46,47,54
1742,67,57,58,63
1743,68,59,58,68
1744,59,51,50,52
1745,48,40,40,55
1746,57,49,50,62
1747,67,60,60,70
1748,72,64,63,72
1749,58,53,52,56
1750,51,44,43,63
1751,59,53,52,68
1752,69,63,62,75
1753,74,67,66,75
1754,55,53,51,59
1755,55,48,48,68
1756,62,57,56,72
1757,71,66,66,78
1758,74,70,69,77
1759,53,53,51,61
1760,59,52,52,71
1761,67,61,60,75
1762,75,70,69,81
1763,77,72,72,78
1764,55,54,53,63
1765,61,55,54,74
1766,68,63,62,77
1767,76,72,71,83
1768,78,74,74,79
1769,56,55,54,64
1770,61,57,56,76
1771,69,65,64,79
1772,77,73,73,84
1773,79,76,75,80
1774,56,55,54,64
1775,63,59,58,77
1776,70,67,66,80
1777,79,75,74,85
1778,81,78,78,81
1779,56,55,55,65
1780,64,61,59,78
1781,71,68,67,81
1782,79,77,75,85
1783,82,79,79,81
1784,56,55,54,65
1785,64,62,61,78
1786,71,69,69,81
1787,80,78,78,86
1788,82,80,80,82
1789,55,55,54,65
1790,64,63,62,78
1791,71,70,69,81
1792,81,79,79,86
1793,81,80,80,82
1794,56,56,54,65
1795,63,62,62,79
1796,70,70,69,81
1797,80,79,79,86
1798,82,81,81,81
1799,59,57,57,65
1800,62,62,63,79
1801,69,69,70,82
1802,79,79,79,86
1803,83,82,83,82
1804,61,59,59,66
1805,62,62,63,79
1806,69,69,70,82
1807,78,78,80,86
1808,82,82,84,81
1809,61,60,60,65
1810,60,61,61,79
1811,67,68,69,81
1812,77,78,79,86
1813,87,85,88,82
1814,65,62,64,66
1815,59,60,60,79
1816,67,68,68,82
1817,76,77,78,86
1818,89,86,91,82
1819,64,63,65,66
1820,61,61,61,80
1821,69,68,68,82
1822,78,78,78,86
1823,86,86,89,82
1824,62,62,64,66
1825,58,59,59,79
1826,67,67,67,82
1827,76,77,77,86
1828,89,87,92,82
1829,65,63,66,66
1830,56,58,58,80
1831,65,66,66,82
1832,74,76,76,86
1833,88,87,92,82
1834,64,64,66,66
1835,58,59,57,80
1836,67,67,66,82
1837,76,76,76,86
1838,86,86,89,82
1839,62,63,64,66
1840,60,60,58,80
1841,68,67,66,82
1842,77,77,75,86
1843,83,84,85,81
1844,60,61,62,66
1845,61,60,59,80
1846,69,68,67,82
1847,78,77,77,86
1848,83,84,85,82
1849,59,61,61,65
1850,62,61,62,80
1851,70,69,70,82
1852,79,78,80,86
1853,83,84,86,82
1854,60,60,61,65
1855,64,63,65,80
1856,71,70,73,82
1857,80,79,82,87
1858,82,83,87,82
1859,60,61,62,66
1860,64,63,65,80
1861,70,70,72,82
1862,79,79,82,86
1863,84,84,87,82
1864,62,61,62,65
1865,60,61,63,80
1866,68,69,71,82
1867,77,78,80,86
1868,84,84,87,82
1869,59,60,60,65
1870,61,62,63,80
1871,69,69,71,82
1872,78,78,81,86
1873,84,84,88,82
1874,60,60,61,65
1875,65,63,67,80
1876,72,70,74,82
1877,80,79,84,86
1878,82,83,88,82
1879,61,61,62,66
1880,65,64,68,81
1881,71,71,76,83
1882,80,80,85,87
1883,81,82,89,82
1884,59,59,61,66
1885,64,63,68,81
1886,71,71,75,83
1887,80,79,85,87
1888,81,82,87,82
1889,57,58,59,65
1890,64,64,68,80
1891,72,71,76,83
1892,81,80,85,87
1893,81,81,86,81
1894,54,57,56,64
1895,64,64,67,81
1896,72,71,75,83
1897,81,80,84,87
1898,83,82,87,81
1899,55,56,56,65
1900,66,65,67,81
1901,73,72,75,83
1902,83,82,85,87
1903,83,83,87,81
1904,61,59,60,65
1905,68,66,68,81
1906,74,73,76,83
1907,84,83,86,87
1908,81,82,85,81
1909,62,60,61,65
1910,67,66,68,81
1911,73,73,75,83
1912,83,83,85,87
1913,82,82,85,82
1914,61,60,61,66
1915,67,66,68,81
1916,74,74,75,83
1917,83,83,85,87
1918,81,82,84,81
1919,60,60,61,65
1920,68,67,68,81
1921,74,74,75,83
1922,83,83,84,87
1923,81,81,83,81
1924,62,61,62,66
1925,67,67,68,81
1926,73,73,74,83
1927,82,82,84,87
1928,79,80,82,81
1929,61,61,62,66
1930,67,67,68,81
1931,74,73,75,83
1932,83,83,85,87
1933,80,80,83,81
1934,59,60,61,65
1935,66,67,67,81
1936,73,73,74,83
1937,82,82,84,87
1938,81,81,83,81
1939,58,59,60,65
1940,66,66,68,81
1941,73,73,75,83
1942,82,82,84,87
1943,79,80,83,81
1944,57,58,59,65
1945,67,67,69,81
1946,74,73,75,83
1947,82,82,84,87
1948,77,79,81,80
1949,55,57,57,65
1950,67,67,68,81
1951,74,74,75,83
1952,82,82,83,87
1953,78,79,80,81
1954,56,57,57,65
1955,67,67,68,81
1956,74,74,75,83
1957,82,82,83,87
1958,80,80,81,81
1959,57,57,58,65
1960,67,67,67,81
1961,74,74,74,83
1962,82,82,82,87
1963,79,79,80,80
1964,56,57,57,65
1965,67,67,66,81
1966,74,74,73,83
1967,82,82,81,87
1968,77,78,78,80
1969,55,56,55,65
1970,68,67,67,81
1971,74,74,74,83
1972,81,82,82,87
1973,76,77,78,80
1974,55,56,56,64
1975,67,67,68,81
1976,74,74,75,83
1977,82,82,83,87
1978,77,78,79,80
1979,56,56,56,64
1980,71,69,72,81
1981,78,76,79,83
1982,86,84,88,87
1983,75,76,78,80
1984,56,56,56,65
1985,70,69,72,81
1986,77,76,80,83
1987,86,85,89,87
1988,74,76,78,80
1989,58,57,57,64
1990,63,66,67,81
1991,71,73,76,83
1992,80,82,84,87
1993,75,76,77,80
1994,60,59,59,63
1995,56,61,62,77
1996,64,69,70,80
1997,74,78,79,84
1998,73,75,75,81
1999,60,59,60,62
2000,50,56,58,67
2001,58,64,67,72
2002,68,73,75,78
2003,68,71,73,79
2004,58,58,59,58
2005,41,50,52,56
2006,49,58,61,63
2007,58,67,70,71
2008,61,66,69,76
2009,52,55,56,53
2010,30,41,44,47
2011,38,49,52,54
2012,47,58,61,62
2013,49,59,61,63
2014,44,50,50,44
2015,24,35,36,39
2016,31,42,43,46
2017,39,51,52,53
2018,36,49,49,52
2019,34,43,42,34
2020,24,31,32,33
2021,30,38,39,39
2022,38,46,47,47
2023,31,43,42,42
2024,30,38,38,27
2025,23,29,29,29
2026,28,35,36,35
2027,36,43,44,42
2028,29,38,38,36
2029,28,35,35,23
2030,22,26,28,27
2031,28,33,34,32
2032,34,40,41,39
2033,25,33,34,32
2034,23,30,30,18
2035,22,25,27,25
2036,28,31,33,30
2037,35,38,41,37
2038,23,30,30,29
2039,21,27,28,15
2040,21,24,25,23
2041,27,30,31,28
2042,33,36,38,35
2043,21,26,27,27
2044,19,24,24,13
2045,20,22,25,22
2046,26,28,31,27
2047,31,35,38,33
2048,18,23,24,24
2049,16,21,21,12
2050,19,21,25,22
2051,25,27,31,26
2052,31,33,38,33
2053,18,22,24,23
2054,17,20,20,11
2055,19,20,24,21
2056,24,26,30,25
2057,30,32,37,32
2058,19,21,24,23
2059,18,20,20,10
2060,19,20,24,21
2061,24,26,30,25
2062,30,32,37,32
2063,20,21,24,23
2064,18,19,20,9
2065,18,19,22,20
2066,23,24,27,25
2067,30,31,34,31
2068,20,21,22,23
2069,18,19,19,9
2070,17,18,19,20
2071,22,23,25,25
2072,29,30,32,31
2073,19,20,20,23
2074,17,18,18,8
2075,17,18,18,20
2076,23,23,24,24
2077,29,30,30,31
2078,20,20,20,22
2079,18,18,17,7
2080,17,18,17,20
2081,23,23,22,24
2082,30,30,29,31
2083,22,21,20,23
2084,22,20,21,7
2085,15,16,15,20
2086,20,22,20,24
2087,27,28,27,31
2088,21,21,19,22
2089,23,21,21,7
2090,14,16,14,19
2091,20,21,20,24
2092,27,28,27,31
2093,21,21,19,22
2094,21,21,20,7
2095,15,16,15,20
2096,21,21,20,24
2097,28,28,27,30
2098,20,20,19,22
2099,19,20,19,6
2100,16,16,16,19
2101,21,21,21,24
2102,28,28,28,30
2103,18,19,18,22
2104,20,20,20,6
2105,16,16,18,18
2106,21,21,23,23
2107,27,27,30,29
2108,17,18,19,21
2109,21,21,21,6
2110,16,16,21,18
2111,21,21,26,23
2112,28,28,33,29
2113,18,18,22,21
2114,23,22,24,4
2115,17,17,21,18
2116,22,22,26,23
2117,29,29,34,29
2118,18,18,21,21
2119,24,23,25,4
2120,17,17,19,18
2121,23,22,25,23
2122,30,29,32,29
2123,19,19,20,21
2124,22,22,24,4
2125,17,17,19,18
2126,23,22,24,23
2127,30,29,31,29
2128,19,19,19,21
2129,20,21,22,4
2130,15,16,17,18
2131,21,21,23,23
2132,28,28,30,29
2133,19,19,19,21
2134,20,20,21,5
2135,14,15,15,18
2136,20,21,21,23
2137,27,28,28,29
2138,20,19,19,21
2139,20,21,21,5
2140,13,14,14,18
2141,19,20,20,23
2142,26,27,27,29
2143,19,19,18,21
2144,21,21,21,5
2145,13,14,14,18
2146,19,20,20,23
2147,26,27,27,29
2148,19,19,18,21
2149,16,18,17,6
2150,12,13,12,17
2151,19,20,19,22
2152,26,27,26,28
2153,23,21,21,20
2154,18,18,17,6
2155,11,12,12,18
2156,18,19,19,23
2157,25,26,26,29
2158,23,22,23,21
2159,20,19,19,6
2160,13,13,13,18
2161,20,20,20,23
2162,27,26,27,29
2163,21,21,21,21
2164,19,19,19,6
2165,14,13,13,18
2166,21,20,20,23
2167,27,27,27,29
2168,21,21,21,21
2169,19,19,19,5
2170,14,14,14,19
2171,21,20,21,23
2172,27,27,27,30
2173,19,20,20,22
2174,18,18,18,5
2175,14,14,14,19
2176,20,20,21,24
2177,26,26,27,30
2178,17,19,19,22
2179,16,17,17,6
2180,12,13,13,19
2181,18,19,20,23
2182,24,25,26,30
2183,19,19,20,22
2184,17,17,16,6
2185,10,11,13,19
2186,16,18,19,23
2187,23,24,26,29
2188,20,20,21,21
2189,18,18,17,6
2190,17,15,18,19
2191,23,21,24,23
2192,30,27,31,29
2193,17,18,19,21
2194,18,18,17,4
2195,22,18,21,19
2196,28,24,28,23
2197,34,31,34,29
2198,13,16,15,20
2199,19,18,17,3
2200,17,16,21,18
2201,22,22,27,22
2202,29,29,33,29
2203,12,14,15,19
2204,19,18,18,2
2205,15,15,21,19
2206,20,21,26,23
2207,27,28,33,29
2208,15,15,18,20
2209,19,19,20,3
2210,15,15,19,19
2211,21,21,25,23
2212,27,27,32,29
2213,17,16,18,20
2214,20,19,20,3
2215,17,16,20,19
2216,22,22,26,23
2217,29,28,33,30
2218,19,17,20,21
2219,23,21,23,3
2220,17,16,21,19
2221,23,22,26,24
2222,29,29,34,30
2223,19,18,22,22
2224,23,22,25,2
2225,15,16,20,19
2226,22,22,26,24
2227,29,29,33,30
2228,19,18,22,21
2229,22,22,24,3
2230,14,15,18,19
2231,21,21,24,23
2232,28,28,32,30
2233,19,19,21,21
2234,21,21,23,3
2235,14,15,17,19
2236,20,21,23,24
2237,27,27,31,30
2238,20,19,21,22
2239,21,21,22,4
2240,16,15,18,19
2241,22,22,24,23
2242,29,28,31,30
2243,18,18,20,21
2244,20,20,21,3
2245,19,17,20,19
2246,25,23,26,23
2247,32,30,33,30
2248,15,17,17,21
2249,19,20,20,2
2250,23,20,23,19
2251,29,26,29,23
2252,36,33,36,30
2253,17,17,17,21
2254,20,20,21,1
2255,21,20,22,19
2256,27,26,29,23
2257,34,33,36,30
2258,17,17,16,21
2259,19,20,20,1
2260,18,18,21,20
2261,24,25,27,24
2262,31,32,35,30
2263,17,17,17,21
2264,20,20,21,1
2265,17,18,20,20
2266,22,23,26,24
2267,29,31,33,30
2268,17,17,17,22
2269,20,20,21,1
2270,15,16,19,19
2271,20,22,25,24
2272,27,29,32,30
2273,18,17,18,21
2274,19,20,21,2
2275,13,15,18,19
2276,20,21,24,23
2277,26,28,31,30
2278,19,18,21,21
2279,20,20,21,3
2280,13,14,17,19
2281,20,21,23,24
2282,26,27,30,30
2283,20,19,21,21
2284,20,20,21,3
2285,11,13,14,19
2286,18,19,21,23
2287,24,26,28,30
2288,19,19,20,21
2289,19,19,20,3
2290,11,12,13,19
2291,17,19,19,23
2292,24,25,26,30
2293,20,19,20,21
2294,18,19,19,4
2295,12,13,13,19
2296,18,19,19,23
2297,25,26,26,30
2298,19,19,20,21
2299,19,19,19,4
2300,13,13,13,19
2301,19,19,20,23
2302,26,26,27,30
2303,19,19,20,21
2304,20,20,20,4
2305,15,14,15,19
2306,21,20,22,23
2307,27,26,28,29
2308,17,18,19,20
2309,18,19,19,4
2310,14,13,17,18
2311,20,20,23,23
2312,26,26,30,29
2313,15,17,20,20
2314,16,18,18,5
2315,12,13,17,18
2316,18,19,23,22
2317,24,25,30,29
2318,16,17,20,20
2319,16,17,16,6
2320,11,12,16,18
2321,18,19,22,23
2322,24,25,29,29
2323,18,17,21,20
2324,17,17,17,5
2325,10,11,14,17
2326,17,18,21,22
2327,23,24,28,28
2328,21,19,24,20
2329,21,19,21,5
2330,8,10,13,17
2331,15,17,19,21
2332,21,23,26,27
2333,21,20,23,19
2334,19,19,21,4
2335,9,10,12,16
2336,15,16,18,20
2337,21,22,25,25
2338,17,18,21,17
2339,14,16,17,5
2340,8,9,11,14
2341,13,15,17,17
2342,19,21,23,21
2343,15,16,19,14
2344,12,14,16,3
2345,7,8,8,11
2346,11,13,13,13
2347,16,18,18,16
2348,9,13,13,10
2349,5,10,10,2
2350,7,8,6,9
2351,11,12,11,11
2352,14,17,15,13
2353,6,10,9,8
2354,1,6,6,1
2355,8,8,7,7
2356,11,12,11,9
2357,15,16,16,9
2358,6,9,9,5
2359,0,4,4,1
2360,10,9,9,5
2361,13,13,13,7
2362,17,17,17,7
2363,4,7,7,3
2364,0,1,1,0
2365,10,9,8,4
2366,13,13,12,5
2367,17,17,15,5
2368,4,6,5,2
2369,0,0,0,0
2370,9,9,7,3
2371,12,12,11,4
2372,15,16,14,4
2373,3,5,4,1
2374,0,0,0,0
2375,10,10,8,3
2376,14,13,11,4
2377,16,16,14,3
2378,3,4,4,1
2379,0,0,0,0
2380,9,9,7,2
2381,13,13,10,3
2382,16,16,13,2
2383,3,4,3,1
2384,0,0,0,0
2385,8,8,7,2
2386,12,12,11,3
2387,15,15,14,2
2388,4,4,4,1
2389,0,0,0,0
2390,8,8,6,1
2391,12,12,10,3
2392,15,15,14,2
2393,6,5,5,0
2394,1,1,1,0
2395,10,9,7,1
2396,14,13,11,2
2397,17,16,14,2
2398,4,4,2,0
2399,1,0,0,0
2400,10,9,7,1
2401,12,12,10,2
2402,15,16,13,1
2403,1,3,0,0
2404,0,0,0,0
2405,7,8,6,1
2406,10,11,9,2
2407,13,15,12,1
2408,4,4,1,1
2409,0,0,0,0
2410,8,8,6,1
2411,11,12,10,2
2412,15,15,13,1
2413,6,5,3,1
2414,2,1,0,0
2415,7,8,6,1
2416,11,11,9,2
2417,14,15,13,2
2418,6,5,4,1
2419,3,2,1,0
2420,8,8,5,1
2421,12,12,9,2
2422,15,15,12,1
2423,8,6,5,1
2424,3,2,2,0
2425,10,9,7,1
2426,14,13,11,2
2427,18,17,14,2
2428,7,7,5,1
2429,4,3,2,0
2430,10,9,10,1
2431,14,13,13,3
2432,19,17,17,3
2433,5,6,5,2
2434,3,3,3,0
2435,10,9,9,1
2436,14,14,13,3
2437,18,17,16,2
2438,6,6,5,2
2439,3,3,3,0
2440,9,9,8,1
2441,13,13,11,3
2442,17,17,15,2
2443,5,6,4,2
2444,3,3,3,0
2445,8,8,7,1
2446,12,12,10,2
2447,15,16,14,2
2448,6,6,4,2
2449,3,3,3,0
2450,8,9,6,1
2451,12,13,10,2
2452,16,16,13,2
2453,6,6,3,2
2454,3,3,2,0
2455,8,8,5,1
2456,11,12,8,2
2457,14,15,11,2
2458,5,5,2,2
2459,1,2,1,0
2460,7,8,4,1
2461,10,11,7,2
2462,13,14,9,1
2463,2,4,0,1
2464,0,0,0,0
2465,12,10,6,1
2466,16,14,10,2
2467,18,17,12,1
2468,0,1,0,1
2469,0,0,0,0
2470,14,12,8,1
2471,18,15,12,3
2472,21,18,15,2
2473,0,1,0,1
2474,0,0,0,0
2475,11,11,7,1
2476,14,14,11,2
2477,18,17,13,2
2478,1,1,0,2
2479,0,0,0,0
2480,9,9,7,1
2481,12,13,10,2
2482,15,16,13,1
2483,2,1,0,1
2484,0,0,0,0
2485,8,9,6,1
2486,11,12,9,2
2487,14,15,12,1
2488,4,3,0,1
2489,0,0,0,0
2490,6,8,4,0
2491,9,11,7,2
2492,12,14,9,1
2493,2,2,0,2
2494,0,0,0,0
2495,8,8,5,0
2496,11,11,8,1
2497,14,14,10,1
2498,0,1,0,1
2499,0,0,0,0
